Date,Inflow_USD_M
2024-01-11,655.30
2024-01-12,203.00
2024-01-16,-52.70
2024-01-17,453.80
2024-01-18,-126.60
2024-01-19,43.60
2024-01-22,-87.40
2024-01-23,-106.10
2024-01-24,-158.30
2024-01-25,-79.80
2024-01-26,14.80
2024-01-29,255.10
2024-01-30,247.30
2024-01-31,197.60
2024-02-01,38.50
2024-02-02,80.00
2024-02-05,68.10
2024-02-06,33.60
2024-02-07,146.00
2024-02-08,405.00
2024-02-09,541.50
2024-02-12,493.40
2024-02-13,636.30
2024-02-14,339.70
2024-02-15,477.40
2024-02-16,330.30
2024-02-20,135.60
2024-02-21,-35.60
2024-02-22,251.40
2024-02-23,232.50
2024-02-26,519.90
2024-02-27,576.90
2024-02-28,673.40
2024-02-29,92.30
2024-03-01,-139.60
2024-03-04,562.70
2024-03-05,648.30
2024-03-06,332.00
2024-03-07,472.50
2024-03-08,223.00
2024-03-11,505.40
2024-03-12,1045.00
2024-03-13,683.70
2024-03-14,132.70
2024-03-15,198.80
2024-03-18,-154.30
2024-03-19,-326.20
2024-03-20,-261.50
2024-03-21,-94.00
2024-03-22,-51.60
2024-03-25,15.40
2024-03-26,418.00
2024-03-27,243.50
2024-03-28,182.80
2024-04-01,-85.70
2024-04-02,39.50
2024-04-03,113.50
2024-04-04,213.40
2024-04-05,203.00
2024-04-08,-223.80
2024-04-09,-19.40
2024-04-10,123.70
2024-04-11,91.30
2024-04-12,-55.10
2024-04-15,-36.70
2024-04-16,-58.00
2024-04-17,-165.00
2024-04-18,-4.30
2024-04-19,59.70
2024-04-22,62.20
2024-04-23,31.60
2024-04-24,-120.60
2024-04-25,-217.60
2024-04-26,-83.60
2024-04-29,-51.60
2024-04-30,-161.60
2024-05-01,-563.70
2024-05-02,-34.40
2024-05-03,378.30
2024-05-06,217.00
2024-05-07,-15.70
2024-05-08,11.50
2024-05-09,-11.30
2024-05-10,-84.70
2024-05-13,66.00
2024-05-14,100.50
2024-05-15,303.00
2024-05-16,257.30
2024-05-17,221.50
2024-05-20,237.20
2024-05-21,305.70
2024-05-22,154.00
2024-05-23,107.90
2024-05-24,251.90
2024-05-28,45.00
2024-05-29,28.30
2024-05-30,48.80
2024-05-31,48.80
2024-06-03,105.10
2024-06-04,886.60
2024-06-05,488.10
2024-06-06,217.70
2024-06-07,131.00
2024-06-10,-64.90
2024-06-11,-200.40
2024-06-12,100.80
2024-06-13,-226.20
2024-06-14,-189.90
2024-06-17,-145.90
2024-06-18,-152.40
2024-06-20,-139.90
2024-06-21,-105.90
2024-06-24,-174.50
2024-06-25,31.00
2024-06-26,21.40
2024-06-27,11.80
2024-06-28,73.00
2024-07-01,129.50
2024-07-02,-13.70
2024-07-03,-20.50
2024-07-05,143.10
2024-07-08,294.80
2024-07-09,216.40
2024-07-10,147.40
2024-07-11,78.90
2024-07-12,310.10
2024-07-15,300.90
2024-07-16,422.50
2024-07-17,53.30
2024-07-18,37.20
2024-07-19,427.20
2024-07-22,485.90
2024-07-23,-78.00
2024-07-24,44.50
2024-07-25,31.10
2024-07-26,51.80
2024-07-29,124.10
2024-07-30,-18.30
2024-07-31,0.30
2024-08-01,50.60
2024-08-02,-237.40
2024-08-05,-168.40
2024-08-06,-148.60
2024-08-07,45.10
2024-08-08,194.60
2024-08-09,-89.70
2024-08-12,27.80
2024-08-13,39.00
2024-08-14,-81.40
2024-08-15,11.10
2024-08-16,35.90
2024-08-19,62.10
2024-08-20,88.00
2024-08-21,39.50
2024-08-22,64.80
2024-08-23,252.00
2024-08-26,202.60
2024-08-27,-127.10
2024-08-28,-105.30
2024-08-29,-71.80
2024-08-30,-175.60
2024-09-03,-287.80
2024-09-04,-37.20
2024-09-05,-211.10
2024-09-06,-170.00
2024-09-09,28.60
2024-09-10,117.00
2024-09-11,-43.90
2024-09-12,39.00
2024-09-13,263.20
2024-09-16,12.80
2024-09-17,186.80
2024-09-18,-52.70
2024-09-19,158.30
2024-09-20,92.00
2024-09-23,4.50
2024-09-24,136.00
2024-09-25,105.90
2024-09-26,365.70
2024-09-27,494.40
2024-09-30,61.30
2024-10-01,-242.60
2024-10-02,-91.70
2024-10-03,-54.20
2024-10-04,25.60
2024-10-07,235.20
2024-10-08,-18.60
2024-10-09,-40.60
2024-10-10,-120.80
2024-10-11,253.60
2024-10-14,555.90
2024-10-15,371.00
2024-10-16,458.50
2024-10-17,470.50
2024-10-18,273.70
2024-10-21,294.30
2024-10-22,-79.10
2024-10-23,192.40
2024-10-24,188.00
2024-10-25,402.00
2024-10-28,479.40
2024-10-29,870.10
2024-10-30,893.30
2024-10-31,32.30
2024-11-01,-54.90
2024-11-04,-541.10
2024-11-05,-116.80
2024-11-06,621.90
2024-11-07,1373.80
2024-11-08,293.40
2024-11-11,1114.10
2024-11-12,817.50
2024-11-13,510.10
2024-11-14,-400.70
2024-11-15,-370.00
2024-11-18,254.80
2024-11-19,829.50
2024-11-20,773.40
2024-11-21,1005.10
2024-11-22,490.30
2024-11-25,-435.30
2024-11-26,-122.80
2024-11-27,103.00
2024-11-29,320.00
2024-12-02,353.60
2024-12-03,676.00
2024-12-04,556.80
2024-12-05,766.70
2024-12-06,376.60
2024-12-09,479.10
2024-12-10,438.50
2024-12-11,223.10
2024-12-12,597.50
2024-12-13,428.90
2024-12-16,636.90
2024-12-17,493.90
2024-12-18,275.30
2024-12-19,-671.90
2024-12-20,-277.00
2024-12-23,-226.50
2024-12-24,-338.40
2024-12-26,475.20
2024-12-27,-287.90
2024-12-30,-415.10
2024-12-31,5.30
2025-01-02,-242.30
2025-01-03,908.10
2025-01-06,978.60
2025-01-07,52.40
2025-01-08,-568.80
2025-01-10,-149.40
2025-01-13,-284.10
2025-01-14,-209.80
2025-01-15,755.10
2025-01-16,626.10
2025-01-17,1072.80
2025-01-21,802.60
2025-01-22,248.70
2025-01-23,188.70
2025-01-24,517.70
2025-01-27,-457.60
2025-01-28,18.40
2025-01-29,92.00
2025-01-30,588.10
2025-01-31,318.60
2025-02-03,-234.40
2025-02-04,340.70
2025-02-05,66.40
2025-02-06,-140.20
2025-02-07,171.30
2025-02-10,-186.30
2025-02-11,-56.70
2025-02-12,-251.00
2025-02-13,-157.80
2025-02-14,66.20
2025-02-18,-60.70
2025-02-19,-71.20
2025-02-20,-364.80
2025-02-21,-62.90
2025-02-24,-565.90
2025-02-25,-1113.70
2025-02-26,-757.80
2025-02-27,-275.90
2025-02-28,94.30
2025-03-03,-74.20
2025-03-04,-143.50
2025-03-05,-38.30
2025-03-06,-134.30
2025-03-07,-409.30
2025-03-10,-372.50
2025-03-11,-396.30
2025-03-12,13.30
2025-03-13,-143.40
2025-03-14,41.30
2025-03-17,274.60
2025-03-18,209.10
2025-03-19,11.80
2025-03-20,165.70
2025-03-21,83.10
2025-03-24,79.70
2025-03-25,26.80
2025-03-26,89.60
2025-03-27,81.70
2025-03-28,-94.90
2025-03-31,-71.20
2025-04-01,-157.80
2025-04-02,220.80
2025-04-03,-99.80
2025-04-04,-64.90
2025-04-07,-109.20
2025-04-08,-328.00
2025-04-09,-127.20
2025-04-10,-149.50
2025-04-11,-1.00
2025-04-14,1.50
2025-04-15,76.40
2025-04-16,-169.80
2025-04-17,106.90
2025-04-21,387.40
2025-04-22,936.50
2025-04-23,917.00
2025-04-24,442.00
2025-04-25,380.00
2025-04-28,591.20
2025-04-29,172.80
2025-04-30,-56.30
2025-05-01,422.50
2025-05-02,674.90
2025-05-05,425.50
2025-05-06,-85.70
2025-05-07,142.30
2025-05-08,117.40
2025-05-09,334.50
2025-05-12,5.20
2025-05-13,-91.40
2025-05-14,319.50
2025-05-15,114.90
2025-05-16,260.20
2025-05-19,667.40
2025-05-20,329.20
2025-05-21,607.10
2025-05-22,934.80
2025-05-23,211.70
2025-05-27,385.40
2025-05-28,432.70
2025-05-29,-346.80
2025-05-30,-616.10
2025-06-02,-267.50
2025-06-03,375.10
2025-06-04,87.00
2025-06-05,-278.40
2025-06-06,-47.80
2025-06-09,386.20
2025-06-10,431.20
2025-06-11,164.60
2025-06-12,86.30
2025-06-13,322.70
2025-06-16,412.20
2025-06-17,216.50
2025-06-18,388.30
2025-06-20,6.40
2025-06-23,350.60
2025-06-24,588.60
2025-06-25,547.70
2025-06-26,226.70
2025-06-27,501.20
2025-06-30,102.10
2025-07-01,-342.20
2025-07-02,407.80
2025-07-03,601.80
2025-07-07,216.50
2025-07-08,80.10
2025-07-09,215.70
2025-07-10,1175.60
2025-07-11,1029.60
2025-07-14,297.40
2025-07-15,403.10
2025-07-16,799.40
2025-07-17,522.60
2025-07-18,363.50
2025-07-21,-131.40
2025-07-22,-68.00
2025-07-23,-85.80
2025-07-24,226.70
2025-07-25,130.80
2025-07-28,157.10
2025-07-29,80.00
2025-07-30,47.10
2025-07-31,-114.80
2025-08-01,-812.30
2025-08-04,-323.50
2025-08-05,-196.20
2025-08-06,91.60
2025-08-07,277.40
2025-08-08,403.90
2025-08-11,178.10
2025-08-12,65.90
2025-08-13,86.90
2025-08-14,230.80
2025-08-15,-14.10
2025-08-18,-121.70
2025-08-19,-523.30
2025-08-20,-315.90
2025-08-21,-194.40
2025-08-22,-23.20
2025-08-25,219.10
2025-08-26,88.10
2025-08-27,81.40
2025-08-28,178.90
2025-08-29,-126.70
2025-09-02,332.80
2025-09-03,300.50
2025-09-04,-222.90
2025-09-05,-160.10
2025-09-08,364.30
2025-09-09,23.00
2025-09-10,741.50
2025-09-11,552.70
2025-09-12,642.40
2025-09-15,259.90
2025-09-16,292.30
2025-09-17,-51.30
2025-09-18,163.00
2025-09-19,222.60
2025-09-22,-363.10
2025-09-23,-103.80
2025-09-24,241.00
2025-09-25,-253.40
2025-09-26,-418.30
2025-09-29,518.00
2025-09-30,429.90
2025-10-01,675.80
2025-10-02,627.20
2025-10-03,985.10
2025-10-06,1205.20
2025-10-07,875.60
2025-10-08,440.70
2025-10-09,197.80
2025-10-10,-4.50
2025-10-13,-326.40
2025-10-14,102.70
2025-10-15,-104.10
2025-10-16,-530.90
2025-10-17,-366.60
2025-10-20,-40.40
2025-10-21,477.20
2025-10-22,-101.40
2025-10-23,20.30
2025-10-24,90.60
2025-10-27,149.30
2025-10-28,202.40
2025-10-29,-470.70
2025-10-30,-488.40
2025-10-31,-191.60
2025-11-03,-186.50
2025-11-04,-566.40
2025-11-05,-137.00
2025-11-06,239.90
2025-11-07,-558.40
2025-11-10,1.20
2025-11-11,524.00
2025-11-12,-278.10
2025-11-13,-866.70
2025-11-14,-492.10
2025-11-17,-254.60
2025-11-18,-372.80
2025-11-19,75.40
2025-11-20,-903.20
2025-11-21,238.40
2025-11-24,-151.00
2025-11-25,128.70
2025-11-26,21.10
2025-11-28,71.40
2025-12-01,8.50
2025-12-02,58.50
2025-12-03,-14.90
2025-12-04,-194.60
2025-12-05,54.80
2025-12-08,-60.40
2025-12-09,151.90
2025-12-10,223.50
2025-12-11,-77.50
2025-12-12,49.10
2025-12-15,-357.60
2025-12-16,-277.20
2025-12-17,457.30
2025-12-18,-161.30
2025-12-19,-158.30
2025-12-22,-142.20
2025-12-23,-188.60
2025-12-24,-175.30
2025-12-26,-275.90
2025-12-29,-19.30
2025-12-30,355.10
2025-12-31,-348.10
2026-01-02,471.30
2026-01-05,697.20
2026-01-06,-243.20
2026-01-07,-486.10
2026-01-08,-398.80
2026-01-09,-250.00
2026-01-12,116.70
2026-01-13,753.80
2026-01-14,840.60
2026-01-15,100.20
2026-01-16,-394.70
2026-01-20,-479.70
2026-01-21,-708.70
2026-01-22,-32.20
2026-01-23,-103.50
2026-01-26,6.80
2026-01-27,-147.40
2026-01-28,-19.60
2026-01-29,-817.80
2026-01-30,-509.70
2026-02-02,561.80
2026-02-03,-272.00
2026-02-04,-544.90
2026-02-05,-434.10
2026-02-06,371.10
2026-02-09,144.90
2026-02-10,166.50
2026-02-11,-276.30
2026-02-12,-410.20
2026-02-13,15.10
2026-02-17,-104.90
2026-02-18,-133.30
2026-02-19,-165.80
2026-02-20,88.10
2026-02-23,-203.80
2026-02-24,257.70
2026-02-25,506.60
2026-02-26,254.40
2026-02-27,-27.50
2026-03-02,458.20
2026-03-03,225.20
2026-03-04,461.90
2026-03-05,-227.90
2026-03-06,-348.90
2026-03-09,167.10
2026-03-10,246.90
2026-03-11,115.20
2026-03-12,53.80
2026-03-13,180.40
2026-03-16,199.40
2026-03-17,199.40
2026-03-18,-163.50
2026-03-19,-90.20
2026-03-20,-52.00
2026-03-23,167.20
2026-03-24,-74.50
2026-03-25,7.80
2026-03-26,-171.30
2026-03-27,-225.50
2026-03-30,69.40
2026-03-31,117.50
2026-04-01,-173.70
2026-04-02,9.00
2026-04-06,471.40
2026-04-07,-159.10
2026-04-08,-93.90
2026-04-09,358.10
2026-04-10,240.40
